,data,startTime,delta_T,value
0,2021-03-10,15:52:12,10,3.776544
1,2021-03-10,15:52:22,3,3.082236
2,2021-03-10,15:52:25,2,7.39206
3,2021-03-10,15:52:27,3,5.284884
4,2021-03-10,15:52:30,2,6.60609
5,2021-03-10,15:52:32,3,5.284884
6,2021-03-10,15:52:35,2,2.642436
7,2021-03-10,15:52:37,3,1.761624
8,2021-03-10,15:52:40,2,1.3212198
9,2021-03-10,15:52:42,3,1.761624
10,2021-03-10,15:52:45,18,2.3255
11,2021-03-10,15:53:03,2,4.768128
12,2021-03-10,15:53:05,3,8.875332
13,2021-03-10,15:53:08,3,5.224488
14,2021-03-10,15:53:11,2,7.798644
15,2021-03-10,15:53:13,3,8.318568
16,2021-03-10,15:53:16,2,10.024092
17,2021-03-10,15:53:18,3,5.665104
18,2021-03-10,15:53:21,2,5.979834
19,2021-03-10,15:53:23,3,6.10572
20,2021-03-10,15:53:26,2,7.553466
21,2021-03-10,15:53:28,3,5.199096
22,2021-03-10,15:53:31,3,7.278744
23,2021-03-10,15:53:34,2,5.665104
24,2021-03-10,15:53:36,13,1.67823969231
25,2021-03-10,15:53:49,2,8.176032
26,2021-03-10,15:53:51,3,4.866684
27,2021-03-10,15:53:54,3,6.034692
28,2021-03-10,15:53:57,2,8.875332
29,2021-03-10,15:53:59,3,3.944592
30,2021-03-10,15:54:02,2,8.780904
31,2021-03-10,15:54:04,3,5.853936
32,2021-03-10,15:54:07,2,5.41332
33,2021-03-10,15:54:09,3,1.678548
34,2021-03-10,15:54:12,2,8.55567
35,2021-03-10,15:54:14,3,3.179556
36,2021-03-10,15:54:17,3,3.16314
37,2021-03-10,15:54:20,2,4.266198
38,2021-03-10,15:54:22,3,3.229608
39,2021-03-10,15:54:25,2,5.64462
40,2021-03-10,15:54:27,3,1.639272
41,2021-03-10,15:54:30,2,2.109024
42,2021-03-10,15:54:32,26,1.02735276923
43,2021-03-10,15:54:58,2,5.571504
44,2021-03-10,15:55:00,3,6.193644
45,2021-03-10,15:55:03,2,9.021492
46,2021-03-10,15:55:05,3,8.20854
47,2021-03-10,15:55:08,3,5.414244
48,2021-03-10,15:55:11,2,13.630302
49,2021-03-10,15:55:13,3,9.848208
50,2021-03-10,15:55:16,2,8.83116
51,2021-03-10,15:55:18,3,6.500544
52,2021-03-10,15:55:21,2,11.867544
53,2021-03-10,15:55:23,3,7.929648
54,2021-03-10,15:55:26,2,8.85582
55,2021-03-10,15:55:28,3,7.997028
56,2021-03-10,15:55:31,3,7.388412
57,2021-03-10,15:55:34,2,8.927982
58,2021-03-10,15:55:36,3,8.495652
59,2021-03-10,15:55:39,2,16.208154
60,2021-03-10,15:55:41,3,8.5305
61,2021-03-10,15:55:44,2,10.385784
62,2021-03-10,15:55:46,3,7.81782
63,2021-03-10,15:55:49,2,10.321254
64,2021-03-10,15:55:51,3,6.890652
65,2021-03-10,15:55:54,3,8.097444
66,2021-03-10,15:55:57,2,13.118202
67,2021-03-10,15:55:59,3,8.434404
68,2021-03-10,15:56:02,2,12.431772
69,2021-03-10,15:56:04,3,8.236896
70,2021-03-10,15:56:07,2,13.011534
71,2021-03-10,15:56:09,3,9.53976
72,2021-03-10,15:56:12,2,12.09069
73,2021-03-10,15:56:14,3,7.28238
74,2021-03-10,15:56:17,3,7.489008
75,2021-03-10,15:56:20,2,9.331614
76,2021-03-10,15:56:22,3,7.428984
77,2021-03-10,15:56:25,2,13.00239
78,2021-03-10,15:56:27,3,7.933272
79,2021-03-10,15:56:30,2,12.502008
80,2021-03-10,15:56:32,3,7.679304
81,2021-03-10,15:56:35,2,11.626488
82,2021-03-10,15:56:37,3,7.54566
83,2021-03-10,15:56:40,3,7.742448
84,2021-03-10,15:56:43,2,13.909428
85,2021-03-10,15:56:45,3,8.172936
86,2021-03-10,15:56:48,2,13.17825
87,2021-03-10,15:56:50,3,8.976468
88,2021-03-10,15:56:53,2,14.022684
89,2021-03-10,15:56:55,3,10.845588
90,2021-03-10,15:56:58,2,14.812074
91,2021-03-10,15:57:00,3,7.052736
92,2021-03-10,15:57:03,3,6.813252
93,2021-03-10,15:57:06,2,12.879198
94,2021-03-10,15:57:08,3,6.248244
95,2021-03-10,15:57:11,2,12.166254
96,2021-03-10,15:57:13,3,15.78216
97,2021-03-10,15:57:16,2,10.813068
98,2021-03-10,15:57:18,3,7.015092
99,2021-03-10,15:57:21,2,10.89054
100,2021-03-10,15:57:23,3,7.835196
101,2021-03-10,15:57:26,2,12.626712
102,2021-03-10,15:57:28,3,7.20276
103,2021-03-10,15:57:31,3,9.320904
104,2021-03-10,15:57:34,2,13.051134
105,2021-03-10,15:57:36,3,7.880544
106,2021-03-10,15:57:39,2,12.266604
107,2021-03-10,15:57:41,3,8.724768
108,2021-03-10,15:57:44,2,14.16168
109,2021-03-10,15:57:46,3,13.03908
110,2021-03-10,15:57:49,2,9.902628
111,2021-03-10,15:57:51,3,6.204984
112,2021-03-10,15:57:54,3,6.972276
113,2021-03-10,15:57:57,2,11.921706
114,2021-03-10,15:57:59,3,9.37638
115,2021-03-10,15:58:02,2,13.60827
116,2021-03-10,15:58:04,3,9.820896
117,2021-03-10,15:58:07,2,12.814254
118,2021-03-10,15:58:09,3,8.521332
119,2021-03-10,15:58:12,2,11.871378
120,2021-03-10,15:58:14,3,7.95132
121,2021-03-10,15:58:17,3,7.3683
122,2021-03-10,15:58:20,2,13.72338
123,2021-03-10,15:58:22,3,10.438308
124,2021-03-10,15:58:25,2,11.023092
125,2021-03-10,15:58:27,3,6.126552
126,2021-03-10,15:58:30,2,8.949528
127,2021-03-10,15:58:32,3,10.232628
128,2021-03-10,15:58:35,2,17.991522
129,2021-03-10,15:58:37,3,10.65708
130,2021-03-10,15:58:40,3,8.797548
131,2021-03-10,15:58:43,2,10.642068
132,2021-03-10,15:58:45,3,9.085512
133,2021-03-10,15:58:48,2,8.774244
134,2021-03-10,15:58:50,3,6.791016
135,2021-03-10,15:58:53,2,8.030142
136,2021-03-10,15:58:55,3,6.309132
137,2021-03-10,15:58:58,2,6.717078
138,2021-03-10,15:59:00,3,3.27234
139,2021-03-10,15:59:03,3,8.201136
140,2021-03-10,15:59:06,2,11.074338
141,2021-03-10,15:59:08,3,7.36296
142,2021-03-10,15:59:11,2,17.90613
143,2021-03-10,15:59:13,3,8.726028
144,2021-03-10,15:59:16,2,16.206732
145,2021-03-10,15:59:18,3,11.347872
146,2021-03-10,15:59:21,2,15.259212
147,2021-03-10,15:59:23,3,6.510816
148,2021-03-10,15:59:26,3,9.087564
149,2021-03-10,15:59:29,2,9.903168
150,2021-03-10,15:59:31,3,7.313088
151,2021-03-10,15:59:34,2,15.11604
152,2021-03-10,15:59:36,3,10.052016
153,2021-03-10,15:59:39,2,6.492114
154,2021-03-10,15:59:41,3,7.085868
155,2021-03-10,15:59:44,46,1.00444695652
156,2021-03-10,16:00:30,2,5.960376
157,2021-03-10,16:00:32,3,7.555224
158,2021-03-10,16:00:35,2,11.87235
159,2021-03-10,16:00:37,3,8.59104
160,2021-03-10,16:00:40,3,7.035384
161,2021-03-10,16:00:43,2,14.069574
162,2021-03-10,16:00:45,3,10.03446
163,2021-03-10,16:00:48,2,12.381822
164,2021-03-10,16:00:50,3,8.331456
165,2021-03-10,16:00:53,2,11.01636
166,2021-03-10,16:00:55,3,8.5434
167,2021-03-10,16:00:58,2,13.120254
168,2021-03-10,16:01:00,3,6.303468
169,2021-03-10,16:01:03,3,6.25584
170,2021-03-10,16:01:06,2,11.22597
171,2021-03-10,16:01:08,3,7.608372
172,2021-03-10,16:01:11,2,9.719892
173,2021-03-10,16:01:13,3,10.946376
174,2021-03-10,16:01:16,2,12.964878
175,2021-03-10,16:01:18,3,10.603848
176,2021-03-10,16:01:21,2,7.990452
177,2021-03-10,16:01:23,3,5.852928
178,2021-03-10,16:01:26,3,6.402804
179,2021-03-10,16:01:29,2,15.964218
180,2021-03-10,16:01:31,3,10.564836
181,2021-03-10,16:01:34,2,17.927676
182,2021-03-10,16:01:36,3,13.06716
183,2021-03-10,16:01:39,2,17.310114
184,2021-03-10,16:01:41,3,7.513392
185,2021-03-10,16:01:44,2,9.415602
186,2021-03-10,16:01:46,3,6.376236
187,2021-03-10,16:01:49,3,9.390504
188,2021-03-10,16:01:52,2,9.365166
189,2021-03-10,16:01:54,3,7.00098
190,2021-03-10,16:01:57,2,9.923112
191,2021-03-10,16:01:59,3,7.179948
192,2021-03-10,16:02:02,2,13.346136
193,2021-03-10,16:02:04,3,8.529168
194,2021-03-10,16:02:07,2,14.501574
195,2021-03-10,16:02:09,3,6.341616
196,2021-03-10,16:02:12,3,7.978368
197,2021-03-10,16:02:15,2,12.38292
198,2021-03-10,16:02:17,3,8.759268
199,2021-03-10,16:02:20,2,16.178328
200,2021-03-10,16:02:22,3,9.212964
201,2021-03-10,16:02:25,2,9.576666
202,2021-03-10,16:02:27,3,6.491088
203,2021-03-10,16:02:30,2,12.536082
204,2021-03-10,16:02:32,3,12.18372
205,2021-03-10,16:02:35,2,19.21356
206,2021-03-10,16:02:37,3,9.664368
207,2021-03-10,16:02:40,3,10.372848
208,2021-03-10,16:02:43,2,14.247054
209,2021-03-10,16:02:45,3,11.377764
210,2021-03-10,16:02:48,2,11.778138
211,2021-03-10,16:02:50,3,8.91762
212,2021-03-10,16:02:53,2,11.743272
213,2021-03-10,16:02:55,3,11.62746
214,2021-03-10,16:02:58,2,14.05098
215,2021-03-10,16:03:00,3,9.647556
216,2021-03-10,16:03:03,3,6.697632
217,2021-03-10,16:03:06,2,9.93735
218,2021-03-10,16:03:08,3,9.132588
219,2021-03-10,16:03:11,2,14.215158
220,2021-03-10,16:03:13,3,9.443328
221,2021-03-10,16:03:16,2,5.951088
222,2021-03-10,16:03:18,3,2.608536
223,2021-03-10,16:03:21,2,2.625444
224,2021-03-10,16:03:23,3,6.377184
225,2021-03-10,16:03:26,3,7.17882
226,2021-03-10,16:03:29,2,9.545364
227,2021-03-10,16:03:31,3,5.58732
228,2021-03-10,16:03:34,2,11.050362
229,2021-03-10,16:03:36,3,6.413232
230,2021-03-10,16:03:39,2,7.709022
231,2021-03-10,16:03:41,3,9.296964
232,2021-03-10,16:03:44,2,16.596468
233,2021-03-10,16:03:46,3,8.350824
234,2021-03-10,16:03:49,3,8.977032
235,2021-03-10,16:03:52,2,9.102834
236,2021-03-10,16:03:54,3,5.781792
237,2021-03-10,16:03:57,2,11.162808
238,2021-03-10,16:03:59,3,6.714372
239,2021-03-10,16:04:02,2,10.610946
240,2021-03-10,16:04:04,3,8.170944
241,2021-03-10,16:04:07,2,9.491022
242,2021-03-10,16:04:09,3,9.949332
243,2021-03-10,16:04:12,3,9.490488
244,2021-03-10,16:04:15,2,9.717066
245,2021-03-10,16:04:17,3,4.635288
246,2021-03-10,16:04:20,2,13.89555
247,2021-03-10,16:04:22,3,11.380932
248,2021-03-10,16:04:25,2,12.401478
249,2021-03-10,16:04:27,3,10.062408
250,2021-03-10,16:04:30,2,14.724234
251,2021-03-10,16:04:32,3,8.14116
252,2021-03-10,16:04:35,3,9.862848
253,2021-03-10,16:04:38,2,13.697442
254,2021-03-10,16:04:40,3,9.268644
255,2021-03-10,16:04:43,2,11.339118
256,2021-03-10,16:04:45,3,7.472124
257,2021-03-10,16:04:48,2,11.780208
258,2021-03-10,16:04:50,3,8.263524
259,2021-03-10,16:04:53,2,9.395118
260,2021-03-10,16:04:55,3,6.627888
261,2021-03-10,16:04:58,2,11.234268
262,2021-03-10,16:05:00,3,8.368176
263,2021-03-10,16:05:03,3,9.603048
264,2021-03-10,16:05:06,2,8.881884
265,2021-03-10,16:05:08,3,3.522756
266,2021-03-10,16:05:11,2,5.898348
267,2021-03-10,16:05:13,3,4.339596
268,2021-03-10,16:05:16,2,7.74441
269,2021-03-10,16:05:18,3,6.644916
270,2021-03-10,16:05:21,2,9.715554
271,2021-03-10,16:05:23,3,6.189324
272,2021-03-10,16:05:26,3,6.74058
273,2021-03-10,16:05:29,2,12.280302
274,2021-03-10,16:05:31,3,6.961176
275,2021-03-10,16:05:34,2,9.52857
276,2021-03-10,16:05:36,3,6.983904
277,2021-03-10,16:05:39,2,8.92332
278,2021-03-10,16:05:41,3,8.066772
279,2021-03-10,16:05:44,2,12.59262
280,2021-03-10,16:05:46,3,9.281412
281,2021-03-10,16:05:49,3,7.791876
282,2021-03-10,16:05:52,2,9.48807
283,2021-03-10,16:05:54,3,5.334216
284,2021-03-10,16:05:57,2,8.088894
285,2021-03-10,16:05:59,3,6.699348
286,2021-03-10,16:06:02,2,12.60072
287,2021-03-10,16:06:04,3,7.673808
288,2021-03-10,16:06:07,2,12.2733
289,2021-03-10,16:06:09,3,9.8541
290,2021-03-10,16:06:12,3,5.348328
291,2021-03-10,16:06:15,2,10.763658
292,2021-03-10,16:06:17,3,6.579348
293,2021-03-10,16:06:20,2,8.981982
294,2021-03-10,16:06:22,3,8.630736
295,2021-03-10,16:06:25,2,8.400042
296,2021-03-10,16:06:27,3,8.150028
297,2021-03-10,16:06:30,2,11.866266
298,2021-03-10,16:06:32,3,6.91044
299,2021-03-10,16:06:35,3,8.534184
300,2021-03-10,16:06:38,2,11.162934
301,2021-03-10,16:06:40,3,5.95566
302,2021-03-10,16:06:43,2,14.609268
303,2021-03-10,16:06:45,3,6.474852
304,2021-03-10,16:06:48,2,12.216168
305,2021-03-10,16:06:50,3,6.253752
306,2021-03-10,16:06:53,2,11.164878
307,2021-03-10,16:06:55,3,8.726088
308,2021-03-10,16:06:58,3,6.171588
309,2021-03-10,16:07:01,2,12.77208
310,2021-03-10,16:07:03,3,5.553216
311,2021-03-10,16:07:06,2,11.07126
312,2021-03-10,16:07:08,3,4.84566
313,2021-03-10,16:07:11,2,9.857628
314,2021-03-10,16:07:13,3,7.8063
315,2021-03-10,16:07:16,2,10.667448
316,2021-03-10,16:07:18,3,11.509368
317,2021-03-10,16:07:21,2,15.30189
318,2021-03-10,16:07:23,3,8.425944
319,2021-03-10,16:07:26,3,8.146788
320,2021-03-10,16:07:29,2,11.17485
321,2021-03-10,16:07:31,3,8.723496
322,2021-03-10,16:07:34,2,12.561264
323,2021-03-10,16:07:36,3,8.972328
324,2021-03-10,16:07:39,2,11.784186
325,2021-03-10,16:07:41,3,9.22068
326,2021-03-10,16:07:44,2,12.391668
327,2021-03-10,16:07:46,3,6.336348
328,2021-03-10,16:07:49,3,7.486284
329,2021-03-10,16:07:52,2,12.51198
330,2021-03-10,16:07:54,3,8.678076
331,2021-03-10,16:07:57,2,12.367872
332,2021-03-10,16:07:59,3,8.319588
333,2021-03-10,16:08:02,2,8.560602
334,2021-03-10,16:08:04,3,6.647592
335,2021-03-10,16:08:07,2,8.45037
336,2021-03-10,16:08:09,3,6.8937
337,2021-03-10,16:08:12,3,5.624916
338,2021-03-10,16:08:15,2,8.87112
339,2021-03-10,16:08:17,3,7.3749
340,2021-03-10,16:08:20,2,9.278262
341,2021-03-10,16:08:22,3,5.119956
342,2021-03-10,16:08:25,2,8.968626
343,2021-03-10,16:08:27,3,8.36322
344,2021-03-10,16:08:30,2,14.057892
345,2021-03-10,16:08:32,3,9.080748
346,2021-03-10,16:08:35,3,6.916632
347,2021-03-10,16:08:38,2,12.358116
348,2021-03-10,16:08:40,3,7.935516
349,2021-03-10,16:08:43,2,12.645684
350,2021-03-10,16:08:45,3,8.533584
351,2021-03-10,16:08:48,2,15.73587
352,2021-03-10,16:08:50,3,7.675764
353,2021-03-10,16:08:53,2,11.821968
354,2021-03-10,16:08:55,3,7.265436
355,2021-03-10,16:08:58,3,8.841456
356,2021-03-10,16:09:01,2,14.15619
357,2021-03-10,16:09:03,3,7.188852
358,2021-03-10,16:09:06,2,8.424036
359,2021-03-10,16:09:08,3,4.787304
360,2021-03-10,16:09:11,2,11.184282
361,2021-03-10,16:09:13,3,5.573856
362,2021-03-10,16:09:16,2,10.65177
363,2021-03-10,16:09:18,3,10.432008
364,2021-03-10,16:09:21,3,11.275416
365,2021-03-10,16:09:24,2,13.812264
366,2021-03-10,16:09:26,3,6.970536
367,2021-03-10,16:09:29,2,8.05095
368,2021-03-10,16:09:31,3,5.808816
369,2021-03-10,16:09:34,2,9.322344
370,2021-03-10,16:09:36,3,7.427136
371,2021-03-10,16:09:39,2,14.109516
372,2021-03-10,16:09:41,3,7.198992
373,2021-03-10,16:09:44,2,10.205442
374,2021-03-10,16:09:46,3,7.12908
375,2021-03-10,16:09:49,3,9.126168
376,2021-03-10,16:09:52,2,20.88576
377,2021-03-10,16:09:54,3,9.580164
378,2021-03-10,16:09:57,2,15.984864
379,2021-03-10,16:09:59,3,9.130668
380,2021-03-10,16:10:02,2,9.2241
381,2021-03-10,16:10:04,3,5.99922
382,2021-03-10,16:10:07,2,8.55567
383,2021-03-10,16:10:09,3,7.277748
384,2021-03-10,16:10:12,3,6.733296
385,2021-03-10,16:10:15,2,12.91014
386,2021-03-10,16:10:17,3,7.34808
387,2021-03-10,16:10:20,2,12.480984
388,2021-03-10,16:10:22,3,7.527744
389,2021-03-10,16:10:25,2,10.526184
390,2021-03-10,16:10:27,3,4.832724
391,2021-03-10,16:10:30,2,12.312234
392,2021-03-10,16:10:32,3,7.445652
393,2021-03-10,16:10:35,3,7.988424
394,2021-03-10,16:10:38,2,7.964838
395,2021-03-10,16:10:40,3,7.801164
396,2021-03-10,16:10:43,2,14.09382
397,2021-03-10,16:10:45,3,7.676136
398,2021-03-10,16:10:48,2,11.093742
399,2021-03-10,16:10:50,3,5.538
400,2021-03-10,16:10:53,2,7.936236
401,2021-03-10,16:10:55,3,4.9104
402,2021-03-10,16:10:58,3,8.957184
403,2021-03-10,16:11:01,2,11.340306
404,2021-03-10,16:11:03,3,5.937636
405,2021-03-10,16:11:06,2,8.506296
406,2021-03-10,16:11:08,3,6.431784
407,2021-03-10,16:11:11,2,7.468722
408,2021-03-10,16:11:13,3,6.595056
409,2021-03-10,16:11:16,2,9.483858
410,2021-03-10,16:11:18,3,3.608112
411,2021-03-10,16:11:21,3,6.006732
412,2021-03-10,16:11:24,2,12.784734
413,2021-03-10,16:11:26,3,6.508752
414,2021-03-10,16:11:29,2,9.860922
415,2021-03-10,16:11:31,3,5.57502
416,2021-03-10,16:11:34,2,9.165258
417,2021-03-10,16:11:36,3,5.496468
418,2021-03-10,16:11:39,2,12.83517
419,2021-03-10,16:11:41,3,9.293772
420,2021-03-10,16:11:44,3,7.33128
421,2021-03-10,16:11:47,2,13.240116
422,2021-03-10,16:11:49,3,10.639764
423,2021-03-10,16:11:52,2,13.258764
424,2021-03-10,16:11:54,3,8.120676
425,2021-03-10,16:11:57,2,13.740354
426,2021-03-10,16:11:59,3,7.568952
427,2021-03-10,16:12:02,2,12.332592
428,2021-03-10,16:12:04,3,7.341528
429,2021-03-10,16:12:07,2,9.984204
430,2021-03-10,16:12:09,3,8.634564
431,2021-03-10,16:12:12,3,8.533128
432,2021-03-10,16:12:15,2,8.925894
433,2021-03-10,16:12:17,3,7.082916
434,2021-03-10,16:12:20,2,7.27137
435,2021-03-10,16:12:22,3,6.846888
436,2021-03-10,16:12:25,2,12.27852
437,2021-03-10,16:12:27,3,8.989092
438,2021-03-10,16:12:30,2,10.579374
439,2021-03-10,16:12:32,3,7.515072
440,2021-03-10,16:12:35,3,6.97308
441,2021-03-10,16:12:38,2,11.84832
442,2021-03-10,16:12:40,3,7.10454
443,2021-03-10,16:12:43,2,11.83635
444,2021-03-10,16:12:45,3,7.722684
445,2021-03-10,16:12:48,2,13.15386
446,2021-03-10,16:12:50,3,6.660096
447,2021-03-10,16:12:53,2,9.15129
448,2021-03-10,16:12:55,3,6.420924
449,2021-03-10,16:12:58,3,8.088036
450,2021-03-10,16:13:01,2,14.983938
451,2021-03-10,16:13:03,3,10.843296
452,2021-03-10,16:13:06,2,11.751048
453,2021-03-10,16:13:08,3,10.255452
454,2021-03-10,16:13:11,2,12.981816
455,2021-03-10,16:13:13,3,7.443336
456,2021-03-10,16:13:16,2,12.282318
457,2021-03-10,16:13:18,3,7.088616
458,2021-03-10,16:13:21,3,8.892516
459,2021-03-10,16:13:24,2,10.84167
460,2021-03-10,16:13:26,3,8.659668
461,2021-03-10,16:13:29,2,15.973146
462,2021-03-10,16:13:31,3,9.443556
463,2021-03-10,16:13:34,2,14.127534
464,2021-03-10,16:13:36,3,6.08448
465,2021-03-10,16:13:39,2,13.914468
466,2021-03-10,16:13:41,3,9.657792
467,2021-03-10,16:13:44,3,8.18076
468,2021-03-10,16:13:47,2,12.47805
469,2021-03-10,16:13:49,3,8.121144
470,2021-03-10,16:13:52,2,13.40613
471,2021-03-10,16:13:54,3,7.558092
472,2021-03-10,16:13:57,2,14.919138
473,2021-03-10,16:13:59,3,9.396612
474,2021-03-10,16:14:02,2,11.315124
475,2021-03-10,16:14:04,3,6.705132
476,2021-03-10,16:14:07,3,7.287396
477,2021-03-10,16:14:10,2,9.357876
478,2021-03-10,16:14:12,3,7.09926
479,2021-03-10,16:14:15,2,9.240156
480,2021-03-10,16:14:17,3,8.241684
481,2021-03-10,16:14:20,2,12.526524
482,2021-03-10,16:14:22,3,10.006836
483,2021-03-10,16:14:25,2,14.051088
484,2021-03-10,16:14:27,3,8.11782
485,2021-03-10,16:14:30,2,8.145936
486,2021-03-10,16:14:32,3,8.332608
487,2021-03-10,16:14:35,3,8.899776
488,2021-03-10,16:14:38,2,13.326876
489,2021-03-10,16:14:40,3,8.988504
490,2021-03-10,16:14:43,2,12.618144
491,2021-03-10,16:14:45,3,7.108044
492,2021-03-10,16:14:48,2,10.237302
493,2021-03-10,16:14:50,3,6.86886
494,2021-03-10,16:14:53,2,9.044226
495,2021-03-10,16:14:55,3,6.8046
496,2021-03-10,16:14:58,3,4.58772
497,2021-03-10,16:15:01,2,10.434204
498,2021-03-10,16:15:03,3,6.394116
499,2021-03-10,16:15:06,2,10.069614
500,2021-03-10,16:15:08,3,6.49806
501,2021-03-10,16:15:11,2,14.277816
502,2021-03-10,16:15:13,3,7.93116
503,2021-03-10,16:15:16,2,12.547674
504,2021-03-10,16:15:18,3,8.173572
505,2021-03-10,16:15:21,3,6.952308
506,2021-03-10,16:15:24,2,12.61125
507,2021-03-10,16:15:26,3,6.61116
508,2021-03-10,16:15:29,2,13.067244
509,2021-03-10,16:15:31,3,7.812252
510,2021-03-10,16:15:34,2,10.238328
511,2021-03-10,16:15:36,3,6.571596
512,2021-03-10,16:15:39,2,10.813716
513,2021-03-10,16:15:41,3,7.237548
514,2021-03-10,16:15:44,3,8.08224
515,2021-03-10,16:15:47,2,14.083632
516,2021-03-10,16:15:49,3,6.878772
517,2021-03-10,16:15:52,2,8.945082
518,2021-03-10,16:15:54,3,9.13392
519,2021-03-10,16:15:57,2,9.822906
520,2021-03-10,16:15:59,3,6.904416
521,2021-03-10,16:16:02,2,11.980278
522,2021-03-10,16:16:04,3,9.799296
523,2021-03-10,16:16:07,3,9.157032
524,2021-03-10,16:16:10,2,10.167318
525,2021-03-10,16:16:12,3,7.837344
526,2021-03-10,16:16:15,2,12.755448
527,2021-03-10,16:16:17,3,5.96022
528,2021-03-10,16:16:20,2,11.040948
529,2021-03-10,16:16:22,3,8.995356
530,2021-03-10,16:16:25,2,10.881936
531,2021-03-10,16:16:27,3,7.905684
532,2021-03-10,16:16:30,3,5.344416
533,2021-03-10,16:16:33,2,9.830448
534,2021-03-10,16:16:35,3,7.087092
535,2021-03-10,16:16:38,2,10.476378
536,2021-03-10,16:16:40,3,8.087244
537,2021-03-10,16:16:43,2,9.750276
538,2021-03-10,16:16:45,3,8.351544
539,2021-03-10,16:16:48,2,13.440672
540,2021-03-10,16:16:50,3,9.642852
541,2021-03-10,16:16:53,2,17.073972
542,2021-03-10,16:16:55,3,7.793832
543,2021-03-10,16:16:58,3,7.827996
544,2021-03-10,16:17:01,2,10.727946
545,2021-03-10,16:17:03,3,4.48224
546,2021-03-10,16:17:06,2,10.875402
547,2021-03-10,16:17:08,3,8.81052
548,2021-03-10,16:17:11,2,13.634856
549,2021-03-10,16:17:13,3,9.060084
550,2021-03-10,16:17:16,2,12.934656
551,2021-03-10,16:17:18,3,6.838368
552,2021-03-10,16:17:21,3,7.31616
553,2021-03-10,16:17:24,2,8.069598
554,2021-03-10,16:17:26,3,7.135944
555,2021-03-10,16:17:29,2,12.770658
556,2021-03-10,16:17:31,3,6.836352
557,2021-03-10,16:17:34,2,7.0236
558,2021-03-10,16:17:36,3,5.110572
559,2021-03-10,16:17:39,2,7.182306
560,2021-03-10,16:17:41,3,7.20786
561,2021-03-10,16:17:44,3,4.729488
562,2021-03-10,16:17:47,2,9.688842
563,2021-03-10,16:17:49,3,7.872756
564,2021-03-10,16:17:52,2,10.104138
565,2021-03-10,16:17:54,3,6.503772
566,2021-03-10,16:17:57,2,11.377044
567,2021-03-10,16:17:59,3,8.660964
568,2021-03-10,16:18:02,2,10.330848
569,2021-03-10,16:18:04,3,6.975072
570,2021-03-10,16:18:07,3,6.769584
571,2021-03-10,16:18:10,2,12.049236
572,2021-03-10,16:18:12,3,8.396028
573,2021-03-10,16:18:15,2,11.347578
574,2021-03-10,16:18:17,3,7.099872
575,2021-03-10,16:18:20,2,10.176354
576,2021-03-10,16:18:22,3,6.903528
577,2021-03-10,16:18:25,2,11.801178
578,2021-03-10,16:18:27,3,7.136964
579,2021-03-10,16:18:30,3,5.903016
580,2021-03-10,16:18:33,2,13.486842
581,2021-03-10,16:18:35,3,6.884964
582,2021-03-10,16:18:38,2,11.224026
583,2021-03-10,16:18:40,3,7.952688
584,2021-03-10,16:18:43,2,11.437074
585,2021-03-10,16:18:45,3,7.120728
586,2021-03-10,16:18:48,2,11.852334
587,2021-03-10,16:18:50,3,7.413576
588,2021-03-10,16:18:53,3,7.716408
589,2021-03-10,16:18:56,2,9.29853
590,2021-03-10,16:18:58,3,8.75334
591,2021-03-10,16:19:01,2,11.537082
592,2021-03-10,16:19:03,3,4.169196
593,2021-03-10,16:19:06,2,6.251922
594,2021-03-10,16:19:08,3,6.670284
595,2021-03-10,16:19:11,2,13.732794
596,2021-03-10,16:19:13,3,11.024628
597,2021-03-10,16:19:16,2,13.33827
598,2021-03-10,16:19:18,3,11.1303
599,2021-03-10,16:19:21,3,7.936968
600,2021-03-10,16:19:24,2,14.545728
601,2021-03-10,16:19:26,3,6.997764
602,2021-03-10,16:19:29,2,11.44368
603,2021-03-10,16:19:31,3,6.392232
604,2021-03-10,16:19:34,2,10.318698
605,2021-03-10,16:19:36,3,5.508576
606,2021-03-10,16:19:39,2,10.756296
607,2021-03-10,16:19:41,3,6.604836
608,2021-03-10,16:19:44,3,6.598572
609,2021-03-10,16:19:47,2,11.257596
610,2021-03-10,16:19:49,3,6.477792
611,2021-03-10,16:19:52,2,10.11672
612,2021-03-10,16:19:54,3,6.92268
613,2021-03-10,16:19:57,2,5.939244
614,2021-03-10,16:19:59,3,7.407252
615,2021-03-10,16:20:02,2,12.631518
616,2021-03-10,16:20:04,3,5.722596
617,2021-03-10,16:20:07,3,5.156088
618,2021-03-10,16:20:10,2,10.782864
619,2021-03-10,16:20:12,3,7.361316
620,2021-03-10,16:20:15,2,8.191908
621,2021-03-10,16:20:17,3,4.515324
622,2021-03-10,16:20:20,2,9.533736
623,2021-03-10,16:20:22,3,5.418888
624,2021-03-10,16:20:25,2,3.956724
625,2021-03-10,16:20:27,3,2.125464
626,2021-03-10,16:20:30,3,10.845228
627,2021-03-10,16:20:33,2,7.55874
628,2021-03-10,16:20:35,3,5.638236
629,2021-03-10,16:20:38,2,13.232862
630,2021-03-10,16:20:40,3,7.98414
631,2021-03-10,16:20:43,2,16.703676
632,2021-03-10,16:20:45,3,9.595836
633,2021-03-10,16:20:48,2,9.462942
634,2021-03-10,16:20:50,3,6.943524
635,2021-03-10,16:20:53,3,6.992592
636,2021-03-10,16:20:56,2,6.410268
637,2021-03-10,16:20:58,3,3.245916
638,2021-03-10,16:21:01,2,7.1397
639,2021-03-10,16:21:03,3,3.326352
640,2021-03-10,16:21:06,2,14.233842
641,2021-03-10,16:21:08,3,10.76286
642,2021-03-10,16:21:11,2,14.20461
643,2021-03-10,16:21:13,3,5.0835
644,2021-03-10,16:21:16,3,6.270492
645,2021-03-10,16:21:19,2,12.15189
646,2021-03-10,16:21:21,3,6.769176
647,2021-03-10,16:21:24,2,5.644638
648,2021-03-10,16:21:26,3,6.590604
649,2021-03-10,16:21:29,2,12.461238
650,2021-03-10,16:21:31,3,10.923792
651,2021-03-10,16:21:34,2,11.933658
652,2021-03-10,16:21:36,3,6.359832
653,2021-03-10,16:21:39,3,11.383656
654,2021-03-10,16:21:42,2,17.075484
655,2021-03-10,16:21:44,3,12.40296
656,2021-03-10,16:21:47,2,17.569494
657,2021-03-10,16:21:49,3,9.558192
658,2021-03-10,16:21:52,2,10.206504
659,2021-03-10,16:21:54,3,7.168164
660,2021-03-10,16:21:57,2,11.088432
661,2021-03-10,16:21:59,3,8.96946
662,2021-03-10,16:22:02,2,13.071528
663,2021-03-10,16:22:04,3,7.00254
664,2021-03-10,16:22:07,3,6.946272
665,2021-03-10,16:22:10,2,11.360826
666,2021-03-10,16:22:12,3,6.418872
667,2021-03-10,16:22:15,2,12.160962
668,2021-03-10,16:22:17,3,8.385408
669,2021-03-10,16:22:20,2,10.941174
670,2021-03-10,16:22:22,3,6.3174
671,2021-03-10,16:22:25,2,12.143556
672,2021-03-10,16:22:27,3,7.626576
673,2021-03-10,16:22:30,3,8.046624
674,2021-03-10,16:22:33,2,11.693628
675,2021-03-10,16:22:35,3,8.984964
676,2021-03-10,16:22:38,2,13.24251
677,2021-03-10,16:22:40,3,6.04542
678,2021-03-10,16:22:43,2,12.90429
679,2021-03-10,16:22:45,3,8.209512
680,2021-03-10,16:22:48,2,12.194658
681,2021-03-10,16:22:50,3,7.269732
682,2021-03-10,16:22:53,3,5.878056
683,2021-03-10,16:22:56,2,11.91015
684,2021-03-10,16:22:58,3,6.990684
685,2021-03-10,16:23:01,2,11.868048
686,2021-03-10,16:23:03,3,9.326736
687,2021-03-10,16:23:06,2,12.281472
688,2021-03-10,16:23:08,3,7.291128
689,2021-03-10,16:23:11,2,12.300516
690,2021-03-10,16:23:13,3,7.21146
691,2021-03-10,16:23:16,3,8.417196
692,2021-03-10,16:23:19,2,12.446874
693,2021-03-10,16:23:21,3,7.236864
694,2021-03-10,16:23:24,2,8.928216
695,2021-03-10,16:23:26,3,7.340868
696,2021-03-10,16:23:29,2,10.988028
697,2021-03-10,16:23:31,3,7.281072
698,2021-03-10,16:23:34,2,10.842192
699,2021-03-10,16:23:36,3,8.48436
700,2021-03-10,16:23:39,3,6.309252
701,2021-03-10,16:23:42,2,5.879358
702,2021-03-10,16:23:44,3,0.384888
703,2021-03-10,16:23:47,2,4.195476
704,2021-03-10,16:23:49,3,4.40052
705,2021-03-10,16:23:52,2,10.838322
706,2021-03-10,16:23:54,3,8.424072
707,2021-03-10,16:23:57,2,12.799494
708,2021-03-10,16:23:59,3,8.410932
709,2021-03-10,16:24:02,3,6.746976
710,2021-03-10,16:24:05,2,12.092724
711,2021-03-10,16:24:07,3,6.755484
712,2021-03-10,16:24:10,2,11.72358
713,2021-03-10,16:24:12,3,6.277704
714,2021-03-10,16:24:15,2,10.798362
715,2021-03-10,16:24:17,3,8.005344
716,2021-03-10,16:24:20,2,11.680668
717,2021-03-10,16:24:22,3,8.366724
718,2021-03-10,16:24:25,2,12.670596
719,2021-03-10,16:24:27,3,6.893208
720,2021-03-10,16:24:30,3,6.002964
721,2021-03-10,16:24:33,2,12.538692
722,2021-03-10,16:24:35,3,8.269872
723,2021-03-10,16:24:38,2,11.077326
724,2021-03-10,16:24:40,3,7.026192
725,2021-03-10,16:24:43,2,11.263428
726,2021-03-10,16:24:45,3,7.662
727,2021-03-10,16:24:48,2,11.659266
728,2021-03-10,16:24:50,3,6.425772
729,2021-03-10,16:24:53,3,7.211892
730,2021-03-10,16:24:56,2,9.86733
731,2021-03-10,16:24:58,3,7.381104
732,2021-03-10,16:25:01,2,10.23669
733,2021-03-10,16:25:03,3,6.33348
734,2021-03-10,16:25:06,2,10.425366
735,2021-03-10,16:25:08,3,6.124692
736,2021-03-10,16:25:11,2,12.882582
737,2021-03-10,16:25:13,3,7.828368
738,2021-03-10,16:25:16,3,6.911472
739,2021-03-10,16:25:19,2,12.977532
740,2021-03-10,16:25:21,3,8.711628
741,2021-03-10,16:25:24,2,11.684628
742,2021-03-10,16:25:26,3,7.327116
743,2021-03-10,16:25:29,2,10.85472
744,2021-03-10,16:25:31,3,7.438452
745,2021-03-10,16:25:34,2,11.21616
746,2021-03-10,16:25:36,3,8.049396
747,2021-03-10,16:25:39,3,6.594048
748,2021-03-10,16:25:42,2,11.42262
749,2021-03-10,16:25:44,3,6.917736
750,2021-03-10,16:25:47,2,12.029814
751,2021-03-10,16:25:49,3,7.176192
752,2021-03-10,16:25:52,2,11.91213
753,2021-03-10,16:25:54,3,8.086884
754,2021-03-10,16:25:57,2,10.948968
755,2021-03-10,16:25:59,3,6.283632
756,2021-03-10,16:26:02,3,8.54778
757,2021-03-10,16:26:05,2,12.897252
758,2021-03-10,16:26:07,3,9.300936
759,2021-03-10,16:26:10,2,11.792844
760,2021-03-10,16:26:12,3,8.101656
761,2021-03-10,16:26:15,2,10.692468
762,2021-03-10,16:26:17,3,7.32822
763,2021-03-10,16:26:20,2,12.685302
764,2021-03-10,16:26:22,3,8.192256
765,2021-03-10,16:26:25,3,7.41966
766,2021-03-10,16:26:28,2,11.058984
767,2021-03-10,16:26:30,3,6.475752
768,2021-03-10,16:26:33,2,9.34533
769,2021-03-10,16:26:35,3,6.754632
770,2021-03-10,16:26:38,2,8.523414
771,2021-03-10,16:26:40,3,8.030532
772,2021-03-10,16:26:43,2,13.041972
773,2021-03-10,16:26:45,3,6.314652
774,2021-03-10,16:26:48,2,8.226072
775,2021-03-10,16:26:50,3,5.225628
776,2021-03-10,16:26:53,3,5.1846
777,2021-03-10,16:26:56,2,6.32457
778,2021-03-10,16:26:58,3,6.375324
779,2021-03-10,16:27:01,2,10.991376
780,2021-03-10,16:27:03,3,6.151272
781,2021-03-10,16:27:06,2,9.242334
782,2021-03-10,16:27:08,3,5.889768
783,2021-03-10,16:27:11,2,5.71707
784,2021-03-10,16:27:13,3,4.43364
785,2021-03-10,16:27:16,3,8.444688
786,2021-03-10,16:27:19,2,9.703746
787,2021-03-10,16:27:21,3,6.44268
788,2021-03-10,16:27:24,2,10.670742
789,2021-03-10,16:27:26,3,7.23618
790,2021-03-10,16:27:29,2,9.960336
791,2021-03-10,16:27:31,3,6.674688
792,2021-03-10,16:27:34,2,14.535972
793,2021-03-10,16:27:36,3,5.432268
794,2021-03-10,16:27:39,3,7.24452
795,2021-03-10,16:27:42,2,7.778574
796,2021-03-10,16:27:44,3,10.638
797,2021-03-10,16:27:47,2,12.430764
798,2021-03-10,16:27:49,3,6.88788
799,2021-03-10,16:27:52,2,12.842928
800,2021-03-10,16:27:54,3,5.401188
801,2021-03-10,16:27:57,2,12.639888
802,2021-03-10,16:27:59,3,7.754796
803,2021-03-10,16:28:02,3,5.909256
804,2021-03-10,16:28:05,2,9.355914
805,2021-03-10,16:28:07,3,5.962992
806,2021-03-10,16:28:10,2,12.8871
807,2021-03-10,16:28:12,3,7.847076
808,2021-03-10,16:28:15,2,15.43257
809,2021-03-10,16:28:17,3,8.53536
810,2021-03-10,16:28:20,2,8.805258
811,2021-03-10,16:28:22,3,5.93712
812,2021-03-10,16:28:25,3,7.72326
813,2021-03-10,16:28:28,2,12.473028
814,2021-03-10,16:28:30,3,6.400152
815,2021-03-10,16:28:33,2,16.848972
816,2021-03-10,16:28:35,3,10.322604
817,2021-03-10,16:28:38,2,10.362042
818,2021-03-10,16:28:40,3,8.118144
819,2021-03-10,16:28:43,2,15.56946
820,2021-03-10,16:28:45,3,6.914364
821,2021-03-10,16:28:48,3,6.471852
822,2021-03-10,16:28:51,2,10.066212
823,2021-03-10,16:28:53,3,5.413128
824,2021-03-10,16:28:56,2,11.641176
825,2021-03-10,16:28:58,3,6.760164
826,2021-03-10,16:29:01,2,10.147032
827,2021-03-10,16:29:03,3,5.663592
828,2021-03-10,16:29:06,2,8.172162
829,2021-03-10,16:29:08,3,4.990236
830,2021-03-10,16:29:11,2,9.48177
831,2021-03-10,16:29:13,3,7.726704
832,2021-03-10,16:29:16,3,11.116536
833,2021-03-10,16:29:19,2,9.297774
834,2021-03-10,16:29:21,3,5.308824
835,2021-03-10,16:29:24,2,7.056288
836,2021-03-10,16:29:26,3,3.917028
837,2021-03-10,16:29:29,2,6.297282
838,2021-03-10,16:29:31,3,4.514952
839,2021-03-10,16:29:34,2,6.253614
840,2021-03-10,16:29:36,3,6.837552
841,2021-03-10,16:29:39,3,10.34754
842,2021-03-10,16:29:42,2,17.468028
843,2021-03-10,16:29:44,3,9.668604
844,2021-03-10,16:29:47,2,9.698346
845,2021-03-10,16:29:49,3,4.497684
846,2021-03-10,16:29:52,2,10.801512
847,2021-03-10,16:29:54,3,4.965924
848,2021-03-10,16:29:57,2,7.303464
849,2021-03-10,16:29:59,3,4.326072
850,2021-03-10,16:30:02,3,3.714336
851,2021-03-10,16:30:05,2,3.062826
852,2021-03-10,16:30:07,3,6.033528
853,2021-03-10,16:30:10,2,10.106262
854,2021-03-10,16:30:12,3,12.29268
855,2021-03-10,16:30:15,2,17.513172
856,2021-03-10,16:30:17,3,7.662072
857,2021-03-10,16:30:20,2,8.143992
858,2021-03-10,16:30:22,3,7.259376
859,2021-03-10,16:30:25,3,4.08612
860,2021-03-10,16:30:28,2,10.746576
861,2021-03-10,16:30:30,3,9.49656
862,2021-03-10,16:30:33,2,11.83689
863,2021-03-10,16:30:35,3,6.871368
864,2021-03-10,16:30:38,2,6.420276
865,2021-03-10,16:30:40,3,6.58722
866,2021-03-10,16:30:43,2,10.658358
867,2021-03-10,16:30:45,3,9.450432
868,2021-03-10,16:30:48,3,10.379388
869,2021-03-10,16:30:51,2,8.516178
870,2021-03-10,16:30:53,3,7.268712
871,2021-03-10,16:30:56,2,12.773394
872,2021-03-10,16:30:58,3,7.794336
873,2021-03-10,16:31:01,2,10.415592
874,2021-03-10,16:31:03,3,7.147692
875,2021-03-10,16:31:06,2,14.99634
876,2021-03-10,16:31:08,3,6.066564
877,2021-03-10,16:31:11,3,5.693136
878,2021-03-10,16:31:14,2,8.105238
879,2021-03-10,16:31:16,3,7.505688
880,2021-03-10,16:31:19,2,11.757258
881,2021-03-10,16:31:21,3,5.781456
882,2021-03-10,16:31:24,2,17.089038
883,2021-03-10,16:31:26,3,7.438632
884,2021-03-10,16:31:29,2,9.85869
885,2021-03-10,16:31:31,3,9.183528
886,2021-03-10,16:31:34,2,12.262716
887,2021-03-10,16:31:36,3,6.550824
888,2021-03-10,16:31:39,3,6.810216
889,2021-03-10,16:31:42,2,11.768382
890,2021-03-10,16:31:44,3,7.804704
891,2021-03-10,16:31:47,2,16.109118
892,2021-03-10,16:31:49,3,3.499104
893,2021-03-10,16:31:52,2,0.3452706
894,2021-03-10,16:31:54,3,0.8325684
895,2021-03-10,16:31:57,2,8.820792
896,2021-03-10,16:31:59,3,7.797984
897,2021-03-10,16:32:02,3,9.395256
898,2021-03-10,16:32:05,2,14.75415
899,2021-03-10,16:32:07,3,6.06684
900,2021-03-10,16:32:10,2,11.259558
901,2021-03-10,16:32:12,3,6.586404
902,2021-03-10,16:32:15,2,10.533366
903,2021-03-10,16:32:17,3,10.316136
904,2021-03-10,16:32:20,2,11.9835
905,2021-03-10,16:32:22,3,8.66172
906,2021-03-10,16:32:25,3,8.380572
907,2021-03-10,16:32:28,2,13.38219
908,2021-03-10,16:32:30,3,6.574032
909,2021-03-10,16:32:33,2,10.87722
910,2021-03-10,16:32:35,3,8.489628
911,2021-03-10,16:32:38,2,9.860058
912,2021-03-10,16:32:40,3,7.095048
913,2021-03-10,16:32:43,2,9.893952
914,2021-03-10,16:32:45,3,6.847656
915,2021-03-10,16:32:48,3,6.598584
916,2021-03-10,16:32:51,2,9.37944
917,2021-03-10,16:32:53,3,7.338168
918,2021-03-10,16:32:56,2,10.161324
919,2021-03-10,16:32:58,3,9.928836
920,2021-03-10,16:33:01,2,8.214264
921,2021-03-10,16:33:03,3,4.353504
922,2021-03-10,16:33:06,2,13.031838
923,2021-03-10,16:33:08,3,9.894624
924,2021-03-10,16:33:11,3,8.623128
925,2021-03-10,16:33:14,2,13.755546
926,2021-03-10,16:33:16,3,8.04408
927,2021-03-10,16:33:19,2,8.55963
928,2021-03-10,16:33:21,3,7.037316
929,2021-03-10,16:33:24,2,10.324962
930,2021-03-10,16:33:26,3,7.265988
931,2021-03-10,16:33:29,2,13.108356
932,2021-03-10,16:33:31,3,9.022344
933,2021-03-10,16:33:34,3,4.62786
934,2021-03-10,16:33:37,2,7.93575
935,2021-03-10,16:33:39,3,6.18516
936,2021-03-10,16:33:42,2,13.693032
937,2021-03-10,16:33:44,3,6.783924
938,2021-03-10,16:33:47,2,11.766528
939,2021-03-10,16:33:49,3,7.011516
940,2021-03-10,16:33:52,2,8.997858
941,2021-03-10,16:33:54,3,6.067416
942,2021-03-10,16:33:57,2,4.369482
943,2021-03-10,16:33:59,3,3.249396
944,2021-03-10,16:34:02,3,7.396032
945,2021-03-10,16:34:05,2,12.535812
946,2021-03-10,16:34:07,3,6.86022
947,2021-03-10,16:34:10,2,9.557802
948,2021-03-10,16:34:12,3,6.633624
949,2021-03-10,16:34:15,2,9.761976
950,2021-03-10,16:34:17,3,6.500196
951,2021-03-10,16:34:20,2,9.144612
952,2021-03-10,16:34:22,3,7.33794
953,2021-03-10,16:34:25,3,5.890152
954,2021-03-10,16:34:28,2,12.150522
955,2021-03-10,16:34:30,3,7.240068
956,2021-03-10,16:34:33,2,10.241964
957,2021-03-10,16:34:35,3,5.629404
958,2021-03-10,16:34:38,2,10.551186
959,2021-03-10,16:34:40,3,6.047808
960,2021-03-10,16:34:43,2,6.415092
961,2021-03-10,16:34:45,3,7.734216
962,2021-03-10,16:34:48,3,10.145376
963,2021-03-10,16:34:51,2,11.277558
964,2021-03-10,16:34:53,3,7.534596
965,2021-03-10,16:34:56,2,10.448748
966,2021-03-10,16:34:58,3,7.668408
967,2021-03-10,16:35:01,2,6.476616
968,2021-03-10,16:35:03,3,7.257012
969,2021-03-10,16:35:06,2,9.149004
970,2021-03-10,16:35:08,3,7.759008
971,2021-03-10,16:35:11,3,7.361328
972,2021-03-10,16:35:14,2,9.766674
973,2021-03-10,16:35:16,3,5.139228
974,2021-03-10,16:35:19,2,10.920852
975,2021-03-10,16:35:21,3,7.983096
976,2021-03-10,16:35:24,2,7.11459
977,2021-03-10,16:35:26,3,7.003428
978,2021-03-10,16:35:29,2,8.267526
979,2021-03-10,16:35:31,3,5.887812
980,2021-03-10,16:35:34,3,4.92234
981,2021-03-10,16:35:37,2,9.24354
982,2021-03-10,16:35:39,3,12.49128
983,2021-03-10,16:35:42,2,14.62257
984,2021-03-10,16:35:44,3,7.636212
985,2021-03-10,16:35:47,2,10.319004
986,2021-03-10,16:35:49,3,6.552336
987,2021-03-10,16:35:52,2,11.84148
988,2021-03-10,16:35:54,3,8.841132
989,2021-03-10,16:35:57,3,7.53246
990,2021-03-10,16:36:00,2,12.510036
991,2021-03-10,16:36:02,3,7.587192
992,2021-03-10,16:36:05,2,11.928762
993,2021-03-10,16:36:07,3,6.54054
994,2021-03-10,16:36:10,2,11.121318
995,2021-03-10,16:36:12,3,6.171276
996,2021-03-10,16:36:15,2,8.793306
997,2021-03-10,16:36:17,3,6.94176
998,2021-03-10,16:36:20,2,11.354022
999,2021-03-10,16:36:22,3,6.31464
1000,2021-03-10,16:36:25,3,4.964592
1001,2021-03-10,16:36:28,2,6.926454
1002,2021-03-10,16:36:30,3,5.904696
1003,2021-03-10,16:36:33,2,6.289614
1004,2021-03-10,16:36:35,3,4.483608
1005,2021-03-10,16:36:38,2,7.267608
1006,2021-03-10,16:36:40,3,3.865044
1007,2021-03-10,16:36:43,2,13.917456
1008,2021-03-10,16:36:45,3,6.185004
1009,2021-03-10,16:36:48,3,5.683152
1010,2021-03-10,16:36:51,2,13.152618
1011,2021-03-10,16:36:53,3,9.67932
1012,2021-03-10,16:36:56,2,15.326856
1013,2021-03-10,16:36:58,3,6.670824
1014,2021-03-10,16:37:01,2,7.355304
1015,2021-03-10,16:37:03,3,5.70564
1016,2021-03-10,16:37:06,2,8.067294
1017,2021-03-10,16:37:08,3,5.063448
1018,2021-03-10,16:37:11,3,4.085532
1019,2021-03-10,16:37:14,2,6.772302
1020,2021-03-10,16:37:16,3,5.480052
1021,2021-03-10,16:37:19,2,8.930124
1022,2021-03-10,16:37:21,3,8.895444
1023,2021-03-10,16:37:24,2,15.049494
1024,2021-03-10,16:37:26,3,7.108644
1025,2021-03-10,16:37:29,2,9.572688
1026,2021-03-10,16:37:31,3,4.57872
1027,2021-03-10,16:37:34,3,5.043552
1028,2021-03-10,16:37:37,2,10.363644
1029,2021-03-10,16:37:39,3,7.879812
1030,2021-03-10,16:37:42,2,10.926126
1031,2021-03-10,16:37:44,3,7.564212
1032,2021-03-10,16:37:47,2,13.20444
1033,2021-03-10,16:37:49,3,6.324852
1034,2021-03-10,16:37:52,2,13.528116
1035,2021-03-10,16:37:54,3,10.687296
1036,2021-03-10,16:37:57,3,10.414044
1037,2021-03-10,16:38:00,2,19.46358
1038,2021-03-10,16:38:02,3,11.475444
1039,2021-03-10,16:38:05,2,13.451112
1040,2021-03-10,16:38:07,3,8.690016
1041,2021-03-10,16:38:10,2,12.78198
1042,2021-03-10,16:38:12,3,8.283192
1043,2021-03-10,16:38:15,2,7.359588
1044,2021-03-10,16:38:17,3,5.676504
1045,2021-03-10,16:38:20,3,6.168108
1046,2021-03-10,16:38:23,2,8.517114
1047,2021-03-10,16:38:25,3,7.530456
1048,2021-03-10,16:38:28,2,13.590936
1049,2021-03-10,16:38:30,3,7.071708
1050,2021-03-10,16:38:33,2,9.280566
1051,2021-03-10,16:38:35,3,5.705556
1052,2021-03-10,16:38:38,2,12.677238
1053,2021-03-10,16:38:40,3,9.400752
1054,2021-03-10,16:38:43,2,10.44063
1055,2021-03-10,16:38:45,3,7.43358
1056,2021-03-10,16:38:48,3,6.362004
1057,2021-03-10,16:38:51,2,10.595412
1058,2021-03-10,16:38:53,3,5.311728
1059,2021-03-10,16:38:56,2,8.28432
1060,2021-03-10,16:38:58,3,5.496576
1061,2021-03-10,16:39:01,2,9.33498
1062,2021-03-10,16:39:03,3,6.506628
1063,2021-03-10,16:39:06,2,9.17766
1064,2021-03-10,16:39:08,3,5.61876
1065,2021-03-10,16:39:11,3,8.559828
1066,2021-03-10,16:39:14,2,9.042282
1067,2021-03-10,16:39:16,3,7.28538
1068,2021-03-10,16:39:19,2,11.193156
1069,2021-03-10,16:39:21,3,10.101528
1070,2021-03-10,16:39:24,2,13.807566
1071,2021-03-10,16:39:26,3,10.854588
1072,2021-03-10,16:39:29,2,15.116742
1073,2021-03-10,16:39:31,3,6.387264
1074,2021-03-10,16:39:34,3,6.799872
1075,2021-03-10,16:39:37,2,11.820384
1076,2021-03-10,16:39:39,3,8.352156
1077,2021-03-10,16:39:42,2,10.20303
1078,2021-03-10,16:39:44,3,6.080688
1079,2021-03-10,16:39:47,2,11.451294
1080,2021-03-10,16:39:49,3,7.53606
1081,2021-03-10,16:39:52,2,11.380644
1082,2021-03-10,16:39:54,3,7.842708
1083,2021-03-10,16:39:57,3,6.676536
1084,2021-03-10,16:40:00,2,11.124522
1085,2021-03-10,16:40:02,3,7.83156
1086,2021-03-10,16:40:05,2,11.88423
1087,2021-03-10,16:40:07,3,8.458452
1088,2021-03-10,16:40:10,2,12.487986
1089,2021-03-10,16:40:12,3,8.248092
1090,2021-03-10,16:40:15,2,7.584174
1091,2021-03-10,16:40:17,3,2.97372
1092,2021-03-10,16:40:20,3,6.717576
1093,2021-03-10,16:40:23,2,11.901312
1094,2021-03-10,16:40:25,3,4.97292
1095,2021-03-10,16:40:28,2,8.826948
1096,2021-03-10,16:40:30,3,9.518472
1097,2021-03-10,16:40:33,2,13.06314
1098,2021-03-10,16:40:35,3,5.556396
1099,2021-03-10,16:40:38,2,9.827856
1100,2021-03-10,16:40:40,3,7.65606
1101,2021-03-10,16:40:43,3,6.8454
1102,2021-03-10,16:40:46,2,11.926224
1103,2021-03-10,16:40:48,3,6.588972
1104,2021-03-10,16:40:51,2,9.189054
1105,2021-03-10,16:40:53,3,7.614828
1106,2021-03-10,16:40:56,2,13.0014
1107,2021-03-10,16:40:58,3,7.44612
1108,2021-03-10,16:41:01,2,10.362024
1109,2021-03-10,16:41:03,3,5.930568
1110,2021-03-10,16:41:06,2,6.013854
1111,2021-03-10,16:41:08,3,5.730636
1112,2021-03-10,16:41:11,3,7.697412
1113,2021-03-10,16:41:14,2,9.699696
1114,2021-03-10,16:41:16,3,8.6271
1115,2021-03-10,16:41:19,2,7.937838
1116,2021-03-10,16:41:21,3,7.603584
1117,2021-03-10,16:41:24,2,10.576332
1118,2021-03-10,16:41:26,3,8.776608
1119,2021-03-10,16:41:29,2,13.014558
1120,2021-03-10,16:41:31,3,8.351568
1121,2021-03-10,16:41:34,3,7.369008
1122,2021-03-10,16:41:37,2,14.469786
1123,2021-03-10,16:41:39,3,8.24736
1124,2021-03-10,16:41:42,2,12.553344
1125,2021-03-10,16:41:44,3,6.608844
1126,2021-03-10,16:41:47,2,11.179188
1127,2021-03-10,16:41:49,3,7.078032
1128,2021-03-10,16:41:52,2,8.722692
1129,2021-03-10,16:41:54,3,8.554008
1130,2021-03-10,16:41:57,3,8.014764
1131,2021-03-10,16:42:00,2,13.089132
1132,2021-03-10,16:42:02,3,5.016108
1133,2021-03-10,16:42:05,2,7.178382
1134,2021-03-10,16:42:07,3,5.833908
1135,2021-03-10,16:42:10,2,10.738206
1136,2021-03-10,16:42:12,3,7.653564
1137,2021-03-10,16:42:15,2,13.450662
1138,2021-03-10,16:42:17,3,7.565124
1139,2021-03-10,16:42:20,3,6.313308
1140,2021-03-10,16:42:23,2,10.389942
1141,2021-03-10,16:42:25,3,5.43654
1142,2021-03-10,16:42:28,2,8.44992
1143,2021-03-10,16:42:30,3,8.487612
1144,2021-03-10,16:42:33,2,8.970984
1145,2021-03-10,16:42:35,3,7.051488
1146,2021-03-10,16:42:38,2,13.482198
1147,2021-03-10,16:42:40,3,7.940412
1148,2021-03-10,16:42:43,3,6.382776
1149,2021-03-10,16:42:46,2,12.387654
1150,2021-03-10,16:42:48,3,6.119268
1151,2021-03-10,16:42:51,2,9.086004
1152,2021-03-10,16:42:53,3,6.107724
1153,2021-03-10,16:42:56,2,11.612142
1154,2021-03-10,16:42:58,3,5.735052
1155,2021-03-10,16:43:01,2,11.294496
1156,2021-03-10,16:43:03,3,4.733112
1157,2021-03-10,16:43:06,3,8.475996
1158,2021-03-10,16:43:09,2,8.279514
1159,2021-03-10,16:43:11,3,7.264872
1160,2021-03-10,16:43:14,2,7.01352
1161,2021-03-10,16:43:16,3,6.612372
1162,2021-03-10,16:43:19,2,12.012426
1163,2021-03-10,16:43:21,3,6.490248
1164,2021-03-10,16:43:24,2,12.143322
1165,2021-03-10,16:43:26,3,8.610996
1166,2021-03-10,16:43:29,2,9.834372
1167,2021-03-10,16:43:31,3,7.852248
1168,2021-03-10,16:43:34,3,6.79554
1169,2021-03-10,16:43:37,2,9.957024
1170,2021-03-10,16:43:39,3,7.652316
1171,2021-03-10,16:43:42,2,9.414198
1172,2021-03-10,16:43:44,3,7.040592
1173,2021-03-10,16:43:47,2,9.313812
1174,2021-03-10,16:43:49,3,4.301388
1175,2021-03-10,16:43:52,2,5.968998
1176,2021-03-10,16:43:54,3,4.728228
1177,2021-03-10,16:43:57,3,11.262852
1178,2021-03-10,16:44:00,2,14.61087
1179,2021-03-10,16:44:02,3,8.128512
1180,2021-03-10,16:44:05,2,12.167442
1181,2021-03-10,16:44:07,3,6.053304
1182,2021-03-10,16:44:10,2,7.553322
1183,2021-03-10,16:44:12,3,7.217712
1184,2021-03-10,16:44:15,2,11.236716
1185,2021-03-10,16:44:17,3,8.40024
1186,2021-03-10,16:44:20,3,7.21128
1187,2021-03-10,16:44:23,2,12.135258
1188,2021-03-10,16:44:25,3,7.796532
1189,2021-03-10,16:44:28,2,10.12914
1190,2021-03-10,16:44:30,3,7.674096
1191,2021-03-10,16:44:33,2,14.351742
1192,2021-03-10,16:44:35,3,10.40316
1193,2021-03-10,16:44:38,2,11.005758
1194,2021-03-10,16:44:40,3,8.387136
1195,2021-03-10,16:44:43,3,7.917132
1196,2021-03-10,16:44:46,2,10.628568
1197,2021-03-10,16:44:48,3,5.83224
1198,2021-03-10,16:44:51,2,10.57086
1199,2021-03-10,16:44:53,3,6.064812
1200,2021-03-10,16:44:56,2,11.999376
1201,2021-03-10,16:44:58,3,7.136724
1202,2021-03-10,16:45:01,2,9.148518
1203,2021-03-10,16:45:03,3,8.148276
1204,2021-03-10,16:45:06,3,7.016688
1205,2021-03-10,16:45:09,2,10.605168
1206,2021-03-10,16:45:11,3,6.85536
1207,2021-03-10,16:45:14,2,10.386684
1208,2021-03-10,16:45:16,3,8.419656
1209,2021-03-10,16:45:19,2,10.5831
1210,2021-03-10,16:45:21,3,7.696584
1211,2021-03-10,16:45:24,2,10.250298
1212,2021-03-10,16:45:26,3,6.817992
1213,2021-03-10,16:45:29,3,9.684816
1214,2021-03-10,16:45:32,2,14.552532
1215,2021-03-10,16:45:34,3,8.309988
1216,2021-03-10,16:45:37,2,10.83258
1217,2021-03-10,16:45:39,3,6.338184
1218,2021-03-10,16:45:42,2,9.740232
1219,2021-03-10,16:45:44,3,7.181052
1220,2021-03-10,16:45:47,2,6.54786
1221,2021-03-10,16:45:49,3,4.056108
1222,2021-03-10,16:45:52,2,5.119128
1223,2021-03-10,16:45:55,2,4.887684
1224,2021-03-10,16:45:57,3,5.659548
1225,2021-03-10,16:46:00,2,8.973072
1226,2021-03-10,16:46:02,3,6.691356
1227,2021-03-10,16:46:05,2,6.25923
1228,2021-03-10,16:46:07,3,3.535536
1229,2021-03-10,16:46:10,2,8.97831
1230,2021-03-10,16:46:12,3,6.407676
1231,2021-03-10,16:46:15,2,7.351272
1232,2021-03-10,16:46:17,3,6.883968
1233,2021-03-10,16:46:20,3,7.0032
1234,2021-03-10,16:46:23,2,15.496812
1235,2021-03-10,16:46:25,3,7.268112
1236,2021-03-10,16:46:28,2,5.378652
1237,2021-03-10,16:46:30,3,5.610192
1238,2021-03-10,16:46:33,2,11.022084
1239,2021-03-10,16:46:35,3,7.404432
1240,2021-03-10,16:46:38,2,10.676736
1241,2021-03-10,16:46:40,3,4.9143
1242,2021-03-10,16:46:43,3,6.187584
1243,2021-03-10,16:46:46,2,8.649468
1244,2021-03-10,16:46:48,3,6.1503
1245,2021-03-10,16:46:51,2,9.886644
1246,2021-03-10,16:46:53,3,5.963364
1247,2021-03-10,16:46:56,2,9.888534
1248,2021-03-10,16:46:58,3,4.857336
1249,2021-03-10,16:47:01,2,8.795556
1250,2021-03-10,16:47:03,3,6.921552
1251,2021-03-10,16:47:06,3,7.731828
1252,2021-03-10,16:47:09,2,10.687302
1253,2021-03-10,16:47:11,3,8.26752
1254,2021-03-10,16:47:14,2,16.749936
1255,2021-03-10,16:47:16,3,9.050772
1256,2021-03-10,16:47:19,2,11.458602
1257,2021-03-10,16:47:21,3,7.2471
1258,2021-03-10,16:47:24,2,7.330284
1259,2021-03-10,16:47:26,3,9.794952
1260,2021-03-10,16:47:29,3,8.840436
1261,2021-03-10,16:47:32,2,13.22595
1262,2021-03-10,16:47:34,3,5.682732
1263,2021-03-10,16:47:37,2,11.94876
1264,2021-03-10,16:47:39,3,6.199224
1265,2021-03-10,16:47:42,2,9.576936
1266,2021-03-10,16:47:44,3,5.313324
1267,2021-03-10,16:47:47,2,5.714586
1268,2021-03-10,16:47:49,3,5.192388
1269,2021-03-10,16:47:52,3,4.503096
1270,2021-03-10,16:47:55,2,7.379658
1271,2021-03-10,16:47:57,3,7.21656
1272,2021-03-10,16:48:00,2,13.503942
1273,2021-03-10,16:48:02,3,9.225432
1274,2021-03-10,16:48:05,2,9.222714
1275,2021-03-10,16:48:07,3,5.704524
1276,2021-03-10,16:48:10,2,6.855606
1277,2021-03-10,16:48:12,3,6.282552
1278,2021-03-10,16:48:15,3,5.16654
1279,2021-03-10,16:48:18,2,9.921492
1280,2021-03-10,16:48:20,3,5.858736
1281,2021-03-10,16:48:23,2,7.778646
1282,2021-03-10,16:48:25,3,6.706704
1283,2021-03-10,16:48:28,2,8.897688
1284,2021-03-10,16:48:30,3,7.295712
1285,2021-03-10,16:48:33,2,5.31657
1286,2021-03-10,16:48:35,3,4.25832
1287,2021-03-10,16:48:38,2,8.981046
1288,2021-03-10,16:48:40,3,9.24234
1289,2021-03-10,16:48:43,3,6.95856
1290,2021-03-10,16:48:46,2,12.574332
1291,2021-03-10,16:48:48,3,7.361136
1292,2021-03-10,16:48:51,2,11.616912
1293,2021-03-10,16:48:53,3,9.091296
1294,2021-03-10,16:48:56,2,15.801534
1295,2021-03-10,16:48:58,3,10.165752
1296,2021-03-10,16:49:01,2,13.808268
1297,2021-03-10,16:49:03,3,9.542544
1298,2021-03-10,16:49:06,3,7.415376
1299,2021-03-10,16:49:09,2,9.15705
1300,2021-03-10,16:49:11,3,6.837144
1301,2021-03-10,16:49:14,2,9.208458
1302,2021-03-10,16:49:16,3,10.118304
1303,2021-03-10,16:49:19,2,7.977276
1304,2021-03-10,16:49:21,3,6.531336
1305,2021-03-10,16:49:24,2,12.204234
1306,2021-03-10,16:49:26,3,6.612624
1307,2021-03-10,16:49:29,3,5.423988
1308,2021-03-10,16:49:32,2,6.559578
1309,2021-03-10,16:49:34,3,4.487424
1310,2021-03-10,16:49:37,2,8.493372
1311,2021-03-10,16:49:39,3,5.16018
1312,2021-03-10,16:49:42,2,8.416512
1313,2021-03-10,16:49:44,3,5.572632
1314,2021-03-10,16:49:47,2,11.379906
1315,2021-03-10,16:49:49,3,6.2127
1316,2021-03-10,16:49:52,3,7.21212
1317,2021-03-10,16:49:55,2,14.027886
1318,2021-03-10,16:49:57,3,5.001072
1319,2021-03-10,16:50:00,2,7.233228
1320,2021-03-10,16:50:02,3,7.260936
1321,2021-03-10,16:50:05,2,11.934756
1322,2021-03-10,16:50:07,3,6.225048
1323,2021-03-10,16:50:10,2,12.410514
1324,2021-03-10,16:50:12,3,7.658364
1325,2021-03-10,16:50:15,3,9.850872
1326,2021-03-10,16:50:18,2,13.467384
1327,2021-03-10,16:50:20,3,7.316532
1328,2021-03-10,16:50:23,2,7.586262
1329,2021-03-10,16:50:25,3,5.51484
1330,2021-03-10,16:50:28,2,8.486136
1331,2021-03-10,16:50:30,3,7.604352
1332,2021-03-10,16:50:33,2,14.217822
1333,2021-03-10,16:50:35,3,10.330248
1334,2021-03-10,16:50:38,3,11.292108
1335,2021-03-10,16:50:41,2,12.055248
1336,2021-03-10,16:50:43,3,9.33012
1337,2021-03-10,16:50:46,2,11.630934
1338,2021-03-10,16:50:48,3,5.943216
1339,2021-03-10,16:50:51,2,9.205722
1340,2021-03-10,16:50:53,3,3.223368
1341,2021-03-10,16:50:56,2,9.342774
1342,2021-03-10,16:50:58,3,3.86916
1343,2021-03-10,16:51:01,2,7.580088
1344,2021-03-10,16:51:03,3,7.73268
1345,2021-03-10,16:51:06,3,7.283964
1346,2021-03-10,16:51:09,2,6.413526
1347,2021-03-10,16:51:11,3,6.14874
1348,2021-03-10,16:51:14,2,9.089892
1349,2021-03-10,16:51:16,3,7.61652
1350,2021-03-10,16:51:19,2,10.107846
1351,2021-03-10,16:51:21,3,7.22334
1352,2021-03-10,16:51:24,2,11.59947
1353,2021-03-10,16:51:26,3,7.412076
1354,2021-03-10,16:51:29,3,11.37126
1355,2021-03-10,16:51:32,2,14.14908
1356,2021-03-10,16:51:34,3,9.911544
1357,2021-03-10,16:51:37,2,10.33677
1358,2021-03-10,16:51:39,3,6.17184
1359,2021-03-10,16:51:42,2,7.06725
1360,2021-03-10,16:51:44,3,7.925748
1361,2021-03-10,16:51:47,2,14.593356
1362,2021-03-10,16:51:49,3,9.886548
1363,2021-03-10,16:51:52,3,6.309456
1364,2021-03-10,16:51:55,2,13.425246
1365,2021-03-10,16:51:57,3,7.201392
1366,2021-03-10,16:52:00,2,13.986306
1367,2021-03-10,16:52:02,3,8.338824
1368,2021-03-10,16:52:05,2,8.606376
1369,2021-03-10,16:52:07,3,6.072324
1370,2021-03-10,16:52:10,2,9.576504
1371,2021-03-10,16:52:12,3,8.4966
1372,2021-03-10,16:52:15,3,5.600124
1373,2021-03-10,16:52:18,2,8.291754
1374,2021-03-10,16:52:20,3,5.473104
1375,2021-03-10,16:52:23,2,6.1443
1376,2021-03-10,16:52:25,3,4.878048
1377,2021-03-10,16:52:28,2,6.043176
1378,2021-03-10,16:52:30,3,5.202336
1379,2021-03-10,16:52:33,2,11.483496
1380,2021-03-10,16:52:35,3,8.502444
1381,2021-03-10,16:52:38,3,8.406036
1382,2021-03-10,16:52:41,2,7.705872
1383,2021-03-10,16:52:43,3,7.433412
1384,2021-03-10,16:52:46,2,13.152654
1385,2021-03-10,16:52:48,3,5.818716
1386,2021-03-10,16:52:51,2,12.052332
1387,2021-03-10,16:52:53,3,11.13288
1388,2021-03-10,16:52:56,2,11.69694
1389,2021-03-10,16:52:58,3,8.61852
1390,2021-03-10,16:53:01,3,9.46806
1391,2021-03-10,16:53:04,2,11.315538
1392,2021-03-10,16:53:06,3,10.490316
1393,2021-03-10,16:53:09,2,13.764708
1394,2021-03-10,16:53:11,3,8.6055
1395,2021-03-10,16:53:14,2,12.86352
1396,2021-03-10,16:53:16,3,7.660044
1397,2021-03-10,16:53:19,2,9.783882
1398,2021-03-10,16:53:21,3,7.960068
1399,2021-03-10,16:53:24,2,12.852072
1400,2021-03-10,16:53:26,3,6.402636
1401,2021-03-10,16:53:29,3,9.352992
1402,2021-03-10,16:53:32,2,11.619324
1403,2021-03-10,16:53:34,3,5.841084
1404,2021-03-10,16:53:37,2,5.334804
1405,2021-03-10,16:53:39,3,3.718056
1406,2021-03-10,16:53:42,2,10.831698
1407,2021-03-10,16:53:44,3,5.525832
1408,2021-03-10,16:53:47,2,10.325376
1409,2021-03-10,16:53:49,3,6.20952
1410,2021-03-10,16:53:52,3,6.520908
1411,2021-03-10,16:53:55,2,9.686358
1412,2021-03-10,16:53:57,3,7.66152
1413,2021-03-10,16:54:00,2,12.18861
1414,2021-03-10,16:54:02,3,6.892248
1415,2021-03-10,16:54:05,2,8.949888
1416,2021-03-10,16:54:07,3,5.9667
1417,2021-03-10,16:54:10,2,10.257552
1418,2021-03-10,16:54:12,3,6.418596
1419,2021-03-10,16:54:15,3,4.513968
1420,2021-03-10,16:54:18,2,9.7758
1421,2021-03-10,16:54:20,3,5.523084
1422,2021-03-10,16:54:23,2,9.431388
1423,2021-03-10,16:54:25,3,7.494924
1424,2021-03-10,16:54:28,2,10.43514
1425,2021-03-10,16:54:30,3,5.891436
1426,2021-03-10,16:54:33,2,13.804038
1427,2021-03-10,16:54:35,3,7.331148
1428,2021-03-10,16:54:38,3,7.59804
1429,2021-03-10,16:54:41,2,11.698506
1430,2021-03-10,16:54:43,3,6.562092
1431,2021-03-10,16:54:46,2,12.426138
1432,2021-03-10,16:54:48,3,5.979
1433,2021-03-10,16:54:51,2,5.78439
1434,2021-03-10,16:54:53,3,6.16314
1435,2021-03-10,16:54:56,2,10.8558
1436,2021-03-10,16:54:58,3,6.528744
1437,2021-03-10,16:55:01,3,8.814756
1438,2021-03-10,16:55:04,2,10.436454
1439,2021-03-10,16:55:06,3,6.637164
1440,2021-03-10,16:55:09,2,12.116358
1441,2021-03-10,16:55:11,3,8.768676
1442,2021-03-10,16:55:14,2,12.803166
1443,2021-03-10,16:55:16,3,7.715172
1444,2021-03-10,16:55:19,2,9.656604
1445,2021-03-10,16:55:21,3,7.6392
1446,2021-03-10,16:55:24,2,10.181052
1447,2021-03-10,16:55:27,2,9.16443
1448,2021-03-10,16:55:29,3,6.673716
1449,2021-03-10,16:55:32,2,11.366352
1450,2021-03-10,16:55:34,3,9.43326
1451,2021-03-10,16:55:37,2,7.086546
1452,2021-03-10,16:55:39,3,14.871
1453,2021-03-10,16:55:42,2,14.36382
1454,2021-03-10,16:55:44,3,8.845392
1455,2021-03-10,16:55:47,2,9.538614
1456,2021-03-10,16:55:49,3,7.8018
1457,2021-03-10,16:55:52,3,6.091044
1458,2021-03-10,16:55:55,2,10.832652
1459,2021-03-10,16:55:57,3,4.518612
1460,2021-03-10,16:56:00,2,10.1124
1461,2021-03-10,16:56:02,3,7.539372
1462,2021-03-10,16:56:05,2,11.348658
1463,2021-03-10,16:56:07,3,7.59048
1464,2021-03-10,16:56:10,2,10.167012
1465,2021-03-10,16:56:12,3,6.221436
1466,2021-03-10,16:56:15,3,4.192656
1467,2021-03-10,16:56:18,2,7.575336
1468,2021-03-10,16:56:20,3,7.814916
1469,2021-03-10,16:56:23,2,14.14287
1470,2021-03-10,16:56:25,3,9.074592
1471,2021-03-10,16:56:28,2,12.847698
1472,2021-03-10,16:56:30,3,4.558236
1473,2021-03-10,16:56:33,2,11.851524
1474,2021-03-10,16:56:35,3,6.008532
1475,2021-03-10,16:56:38,3,7.71912
1476,2021-03-10,16:56:41,2,10.590696
1477,2021-03-10,16:56:43,3,7.53156
1478,2021-03-10,16:56:46,2,13.465584
1479,2021-03-10,16:56:48,3,6.279432
1480,2021-03-10,16:56:51,2,9.880956
1481,2021-03-10,16:56:53,3,6.959256
1482,2021-03-10,16:56:56,2,12.367458
1483,2021-03-10,16:56:58,59,0.731703050847
1484,2021-03-10,16:57:57,3,7.252824
1485,2021-03-10,16:58:00,2,9.694944
1486,2021-03-10,16:58:02,3,7.854996
1487,2021-03-10,16:58:05,2,12.128526
1488,2021-03-10,16:58:07,3,7.336932
1489,2021-03-10,16:58:10,2,14.82426
1490,2021-03-10,16:58:12,3,9.242544
1491,2021-03-10,16:58:15,3,6.350976
1492,2021-03-10,16:58:18,2,7.057242
1493,2021-03-10,16:58:20,3,7.430484
1494,2021-03-10,16:58:23,2,11.057526
1495,2021-03-10,16:58:25,3,9.337692
1496,2021-03-10,16:58:28,2,16.704774
1497,2021-03-10,16:58:30,3,9.7899
1498,2021-03-10,16:58:33,2,9.179604
1499,2021-03-10,16:58:35,3,7.112244
1500,2021-03-10,16:58:38,3,6.668772
1501,2021-03-10,16:58:41,2,10.544418
1502,2021-03-10,16:58:43,3,6.046356
1503,2021-03-10,16:58:46,2,7.987914
1504,2021-03-10,16:58:48,3,5.98506
1505,2021-03-10,16:58:51,2,13.491918
1506,2021-03-10,16:58:53,3,7.707384
1507,2021-03-10,16:58:56,2,12.74859
1508,2021-03-10,16:58:58,3,9.231036
1509,2021-03-10,16:59:01,3,10.05888
1510,2021-03-10,16:59:04,2,9.358272
1511,2021-03-10,16:59:06,3,5.668356
1512,2021-03-10,16:59:09,2,8.884476
1513,2021-03-10,16:59:11,3,7.740936
1514,2021-03-10,16:59:14,2,10.600164
1515,2021-03-10,16:59:16,3,6.862128
1516,2021-03-10,16:59:19,2,9.46143
1517,2021-03-10,16:59:21,3,6.540024
1518,2021-03-10,16:59:24,3,8.35614
1519,2021-03-10,16:59:27,2,8.526078
1520,2021-03-10,16:59:29,3,4.237776
1521,2021-03-10,16:59:32,2,5.587704
1522,2021-03-10,16:59:34,3,11.677212
1523,2021-03-10,16:59:37,2,7.266798
1524,2021-03-10,16:59:39,3,7.590372
1525,2021-03-10,16:59:42,2,8.97156
1526,2021-03-10,16:59:44,3,5.272248
1527,2021-03-10,16:59:47,3,3.149832
1528,2021-03-10,16:59:50,2,10.543824
1529,2021-03-10,16:59:52,3,8.831796
1530,2021-03-10,16:59:55,2,10.226988
1531,2021-03-10,16:59:57,3,5.675796
1532,2021-03-10,17:00:00,2,9.058374
1533,2021-03-10,17:00:02,3,7.719888
1534,2021-03-10,17:00:05,2,10.944054
1535,2021-03-10,17:00:07,3,8.881176
1536,2021-03-10,17:00:10,2,8.278452
1537,2021-03-10,17:00:12,3,5.403192
1538,2021-03-10,17:00:15,3,8.260308
1539,2021-03-10,17:00:18,2,10.360764
1540,2021-03-10,17:00:20,3,7.741272
1541,2021-03-10,17:00:23,2,9.304074
1542,2021-03-10,17:00:25,3,6.386436
1543,2021-03-10,17:00:28,2,7.074504
1544,2021-03-10,17:00:30,3,4.218756
1545,2021-03-10,17:00:33,2,11.171772
1546,2021-03-10,17:00:35,3,7.814628
1547,2021-03-10,17:00:38,3,6.335328
1548,2021-03-10,17:00:41,2,12.317526
1549,2021-03-10,17:00:43,3,8.803932
1550,2021-03-10,17:00:46,2,12.380508
1551,2021-03-10,17:00:48,3,7.536852
1552,2021-03-10,17:00:51,2,7.396218
1553,2021-03-10,17:00:53,3,12.9246
1554,2021-03-10,17:00:56,2,8.010468
1555,2021-03-10,17:00:58,3,5.227392
1556,2021-03-10,17:01:01,3,6.943452
1557,2021-03-10,17:01:04,2,10.462788
1558,2021-03-10,17:01:06,3,5.863776
1559,2021-03-10,17:01:09,2,8.501346
1560,2021-03-10,17:01:11,3,5.815488
1561,2021-03-10,17:01:14,2,10.10115
1562,2021-03-10,17:01:16,3,7.355868
1563,2021-03-10,17:01:19,2,11.83356
1564,2021-03-10,17:01:21,3,9.437292
1565,2021-03-10,17:01:24,3,6.375408
1566,2021-03-10,17:01:27,2,13.066992
1567,2021-03-10,17:01:29,3,4.467432
1568,2021-03-10,17:01:32,2,6.478038
1569,2021-03-10,17:01:34,3,4.256616
1570,2021-03-10,17:01:37,2,13.896468
1571,2021-03-10,17:01:39,3,5.940468
1572,2021-03-10,17:01:42,2,5.759046
1573,2021-03-10,17:01:44,3,4.450224
1574,2021-03-10,17:01:47,3,6.064008
1575,2021-03-10,17:01:50,2,11.943864
1576,2021-03-10,17:01:52,3,8.033736
1577,2021-03-10,17:01:55,2,11.549628
1578,2021-03-10,17:01:57,3,5.837016
1579,2021-03-10,17:02:00,2,11.706714
1580,2021-03-10,17:02:02,3,8.514036
1581,2021-03-10,17:02:05,2,15.554574
1582,2021-03-10,17:02:07,3,6.99372
1583,2021-03-10,17:02:10,3,8.217012
1584,2021-03-10,17:02:13,2,11.114658
1585,2021-03-10,17:02:15,3,8.326056
1586,2021-03-10,17:02:18,2,8.36631
1587,2021-03-10,17:02:20,3,6.540684
1588,2021-03-10,17:02:23,2,11.453202
1589,2021-03-10,17:02:25,3,5.89992
1590,2021-03-10,17:02:28,2,11.280816
1591,2021-03-10,17:02:30,3,7.45116
1592,2021-03-10,17:02:33,2,9.994518
1593,2021-03-10,17:02:35,3,6.49308
1594,2021-03-10,17:02:38,3,7.615068
1595,2021-03-10,17:02:41,2,10.119978
1596,2021-03-10,17:02:43,3,7.071492
1597,2021-03-10,17:02:46,2,13.834188
1598,2021-03-10,17:02:48,3,6.413868
1599,2021-03-10,17:02:51,2,13.948956
1600,2021-03-10,17:02:53,3,6.88152
1601,2021-03-10,17:02:56,2,9.73386
1602,2021-03-10,17:02:58,3,7.233516
1603,2021-03-10,17:03:01,3,6.561708
1604,2021-03-10,17:03:04,2,10.437192
1605,2021-03-10,17:03:06,3,7.737936
1606,2021-03-10,17:03:09,2,10.68057
1607,2021-03-10,17:03:11,3,5.653344
1608,2021-03-10,17:03:14,2,9.535086
1609,2021-03-10,17:03:16,3,5.049744
1610,2021-03-10,17:03:19,2,11.202948
1611,2021-03-10,17:03:21,3,4.687848
1612,2021-03-10,17:03:24,3,5.49294
1613,2021-03-10,17:03:27,2,10.133154
1614,2021-03-10,17:03:29,3,6.115404
1615,2021-03-10,17:03:32,2,5.774436
1616,2021-03-10,17:03:34,3,4.642092
1617,2021-03-10,17:03:37,2,7.766874
1618,2021-03-10,17:03:39,3,3.825816
1619,2021-03-10,17:03:42,2,12.265362
1620,2021-03-10,17:03:44,3,6.810564
1621,2021-03-10,17:03:47,3,7.801704
1622,2021-03-10,17:03:50,2,11.112264
1623,2021-03-10,17:03:52,3,7.21548
1624,2021-03-10,17:03:55,2,7.987986
1625,2021-03-10,17:03:57,3,7.880988
1626,2021-03-10,17:04:00,2,10.410138
1627,2021-03-10,17:04:02,3,10.110216
1628,2021-03-10,17:04:05,2,12.053106
1629,2021-03-10,17:04:07,3,4.954356
1630,2021-03-10,17:04:10,3,4.934604
1631,2021-03-10,17:04:13,2,14.707008
1632,2021-03-10,17:04:15,3,6.474396
1633,2021-03-10,17:04:18,2,6.089832
1634,2021-03-10,17:04:20,3,3.979836
1635,2021-03-10,17:04:23,2,6.362748
1636,2021-03-10,17:04:25,3,5.913144
1637,2021-03-10,17:04:28,2,12.333348
1638,2021-03-10,17:04:30,3,7.825116
1639,2021-03-10,17:04:33,3,3.118032
1640,2021-03-10,17:04:36,2,5.11947
1641,2021-03-10,17:04:38,3,5.178336
1642,2021-03-10,17:04:41,2,13.02129
1643,2021-03-10,17:04:43,3,10.4388
1644,2021-03-10,17:04:46,2,19.91412
1645,2021-03-10,17:04:48,3,20.04816
1646,2021-03-10,17:04:51,2,10.521576
1647,2021-03-10,17:04:53,3,5.874
1648,2021-03-10,17:04:56,2,13.62861
1649,2021-03-10,17:04:58,3,7.299432
1650,2021-03-10,17:05:01,3,10.042452
1651,2021-03-10,17:05:04,2,5.715738
1652,2021-03-10,17:05:06,3,4.86156
1653,2021-03-10,17:05:09,2,12.87423
1654,2021-03-10,17:05:11,3,7.5915
1655,2021-03-10,17:05:14,2,12.110058
1656,2021-03-10,17:05:16,3,6.374724
1657,2021-03-10,17:05:19,2,14.152914
